tps,peak_memory,gemm,gemv,ttft,memory
22.485231123566315,24.51761245727539,21.266529547094436,26.09796316637289,47.803288558498025,24.243946313858032
30.821429718090563,4.459905624389648,5.810515721167389,46.668792070552186,171.7291355598718,4.303760766983032
30.995334349824162,6.021099090576172,5.69403819890322,46.285283472901675,177.82114632427692,5.780811548233032
33.960920367040686,7.443304061889648,3.887988200370181,46.57526382458158,258.83873412385583,7.257862329483032
