{
    "fp16": {
        "tps": {
            "1.128.128": 49.489500285697005
        },
        "peak_memory": {
            "1.128.128": 14.5834641456604
        },
        "gemm": {
            "1.128.128": 34.90801765652037
        },
        "gemv": {
            "1.128.128": 50.19706202949027
        },
        "ttft": {
            "1.128.128": 30.18078999593854
        }
    },
    "2bit": {
        "tps": {
            "1.128.128": 78.63079166309836
        },
        "peak_memory": {
            "1.128.128": 4.599440097808838
        },
        "gemm": {
            "1.128.128": 6.088010670369581
        },
        "ttft": {
            "1.128.128": 165.69639812223613
        }
    },
    "3bit": {
        "tps": {
            "1.128.128": 67.8395054944143
        },
        "peak_memory": {
            "1.128.128": 5.593565464019775
        },
        "gemm": {
            "1.128.128": 2.454397949482392
        },
        "ttft": {
            "1.128.128": 409.1549289878458
        }
    },
    "4bit": {
        "tps": {
            "1.128.128": 78.02758800606149
        },
        "peak_memory": {
            "1.128.128": 6.154341220855713
        },
        "gemm": {
            "1.128.128": 5.921158271528252
        },
        "ttft": {
            "1.128.128": 170.43919768184423
        }
    },
    "args": {
        "model_name_or_path": "meta-llama/Llama-2-7b-hf",
        "use_ft": true,
        "use_owq": false,
        "backend_2bit": "gptq",
        "backend_3bit": "gptq",
        "backend_4bit": "gptq",
        "batch_size": 1,
        "seq_length": 128,
        "gen_length": 128,
        "file_name": "nsgaquant_benchmark_speed_128.json"
    },
    "unit": {
        "tps": "tokens/second",
        "gemm": "tokens/second",
        "gemv": "tokens/second",
        "ttft": "latency(ms)",
        "peak_memory": "GB"
    }
}