{
    "fp16": {
        "tps": {
            "1.2048.2048": 44.138135348421244
        },
        "peak_memory": {
            "1.2048.2048": 15.661829471588135
        },
        "gemm": {
            "1.2048.2048": 3.20831534499889
        },
        "gemv": {
            "1.2048.2048": 45.05571967361913
        },
        "ttft": {
            "1.2048.2048": 326.6319877002388
        },
        "memory": 14.551285028457642
    },
    "2bit": {
        "tps": {
            "1.2048.2048": 86.011964808363
        },
        "peak_memory": {
            "1.2048.2048": 5.484201908111572
        },
        "gemm": {
            "1.2048.2048": 2.201926429808988
        },
        "gemv": {
            "1.2048.2048": 91.8390748195867
        },
        "ttft": {
            "1.2048.2048": 469.49637588113546
        },
        "memory": 4.373550653457642
    },
    "3bit": {
        "tps": {
            "1.2048.2048": 84.00730637599159
        },
        "peak_memory": {
            "1.2048.2048": 6.30938196182251
        },
        "gemm": {
            "1.2048.2048": 1.4361551196435833
        },
        "gemv": {
            "1.2048.2048": 91.6800734265856
        },
        "ttft": {
            "1.2048.2048": 712.1652469504625
        },
        "memory": 5.127456903457642
    },
    "4bit": {
        "tps": {
            "1.2048.2048": 83.9979339020565
        },
        "peak_memory": {
            "1.2048.2048": 7.039103031158447
        },
        "gemm": {
            "1.2048.2048": 2.180071775107951
        },
        "gemv": {
            "1.2048.2048": 88.67285915558269
        },
        "ttft": {
            "1.2048.2048": 474.52864865772426
        },
        "memory": 5.881363153457642
    },
    "args": {
        "model_name_or_path": "meta-llama/Llama-2-7b-hf",
        "use_ft": true,
        "use_owq": false,
        "backend_2bit": "gptq",
        "backend_3bit": "gptq",
        "backend_4bit": "gptq",
        "batch_size": 1,
        "seq_length": 2048,
        "gen_length": 2048,
        "file_name": "nsgaquant_benchmark_speed_2048.json"
    },
    "unit": {
        "tps": "tokens/second",
        "gemm": "tokens/second",
        "gemv": "tokens/second",
        "ttft": "latency(ms)",
        "peak_memory": "GB"
    }
}