tps,peak_memory,gemm,gemv,ttft,memory
37.57480369971973,12.656925201416016,39.23343814937487,46.9250706238616,26.575868017971516,12.551285028457642
37.189185700051056,2.479846954345703,11.375842554088974,57.4585259128353,88.63875991664827,2.3735506534576416
40.878031355744604,3.304737091064453,11.335040870615464,57.298450678118655,89.67699413187802,3.1274569034576416
38.99595591138868,4.034297943115234,7.649180990790268,57.249421419878836,132.12671736255288,3.8813631534576416
