{
    "fp16": {
        "tps": {
            "1.64.128": 43.290499202266396
        },
        "peak_memory": {
            "1.64.128": 14.571316242218018
        },
        "gemm": {
            "1.64.128": 38.69973849860469
        },
        "gemv": {
            "1.64.128": 50.589877111129
        },
        "ttft": {
            "1.64.128": 27.02313708141446
        },
        "memory": 14.551285028457642
    },
    "2bit": {
        "tps": {
            "1.64.128": 82.63958468448565
        },
        "peak_memory": {
            "1.64.128": 4.393429279327393
        },
        "gemm": {
            "1.64.128": 11.440445636852505
        },
        "gemv": {
            "1.64.128": 90.97892299919567
        },
        "ttft": {
            "1.64.128": 87.35531009733677
        },
        "memory": 4.373550653457642
    },
    "3bit": {
        "tps": {
            "1.64.128": 83.02936149512247
        },
        "peak_memory": {
            "1.64.128": 5.218502521514893
        },
        "gemm": {
            "1.64.128": 11.487531226329855
        },
        "gemv": {
            "1.64.128": 92.7868447430084
        },
        "ttft": {
            "1.64.128": 89.13493854925036
        },
        "memory": 5.127456903457642
    },
    "4bit": {
        "tps": {
            "1.64.128": 78.10857188541685
        },
        "peak_memory": {
            "1.64.128": 5.948116779327393
        },
        "gemm": {
            "1.64.128": 7.7262651940140765
        },
        "gemv": {
            "1.64.128": 89.81925584754994
        },
        "ttft": {
            "1.64.128": 131.22113584540784
        },
        "memory": 5.881363153457642
    },
    "args": {
        "model_name_or_path": "meta-llama/Llama-2-7b-hf",
        "use_ft": true,
        "use_owq": false,
        "backend_2bit": "gptq",
        "backend_3bit": "gptq",
        "backend_4bit": "gptq",
        "batch_size": 1,
        "seq_length": 64,
        "gen_length": 128,
        "tps": true,
        "gemm": true,
        "gemv": true,
        "ttft": true,
        "memory": true,
        "peak_memory": true,
        "file_name": "nsgaquant_benchmark_speed_128.json"
    },
    "unit": {
        "tps": "tokens/second",
        "gemm": "tokens/second",
        "gemv": "tokens/second",
        "ttft": "latency(ms)",
        "peak_memory": "GB"
    }
}