{
    "total": 25.861607123166323,
    "full": 26.059500882402062,
    "self_attn": 0.14776448905467987,
    "mlp": 0.17526939511299133,
    "block": 0.32205890491604805,
    "etc": 0.2947884891182184
}