{
    "total": 5.165469506522641,
    "self_attn": 0.05333647085353732,
    "mlp": 0.09991541388444602,
    "block": 0.15693887590896338,
    "etc": 0.19084836659021676
}
