{
    "total": 0.2578311562538147,
    "full": 0.2575012855231762,
    "self_attn": 0.0036642421036958694,
    "mlp": 0.0027177762240171432,
    "block": 0.006354842334985733,
    "etc": 0.003307592123746872
}