{
    "total": 5.24636853300035,
    "full": 5.085203729569912,
    "self_attn": 0.09988045901991427,
    "mlp": 0.05310587049461901,
    "block": 0.15629425272345543,
    "etc": 0.18964118510484695
}