{
    "total": 8.930647981120273,
    "full": 8.657292982563376,
    "self_attn": 0.12287981272675097,
    "mlp": 0.08375863288529217,
    "block": 0.21143092261627316,
    "etc": 0.20005607791244984
}