{
    "total": 1.232564577832818,
    "full": 1.216828217729926,
    "self_attn": 0.011224379763007164,
    "mlp": 0.003891846165060997,
    "block": 0.015109037980437279,
    "etc": 0.00810517929494381
}