{
    "total": 8.983207143493928,
    "full": 8.710396939888597,
    "self_attn": 0.08639189647510648,
    "mlp": 0.12235938862431794,
    "block": 0.2127125171246007,
    "etc": 0.2018962549045682
}