{
    "total": 7.454368058592081,
    "full": 7.516356745734811,
    "self_attn": 0.13025786355137825,
    "mlp": 0.04091881029307842,
    "block": 0.18179435096681118,
    "etc": 0.24458270706236362
}