{
    "total": 4.951932700350881,
    "full": 4.8188611045479774,
    "self_attn": 0.10458733141422272,
    "mlp": 0.03324589319527149,
    "block": 0.14267813600599766,
    "etc": 0.2531607523560524
}