{
    "total": 25.042383255437016,
    "full": 26.243263052776456,
    "self_attn": 0.17762727290391922,
    "mlp": 0.14761517196893692,
    "block": 0.3243204038590193,
    "etc": 0.2976307440549135
}