{
    "total": 25.074447808787227,
    "full": 26.279522942379117,
    "self_attn": 0.1477317102253437,
    "mlp": 0.1788121610879898,
    "block": 0.3247681111097336,
    "etc": 0.2980740536004305
}