tps,peak_memory,gemm,gemv,ttft,memory
0,0,0,0,0,0
83.28128952159109,4.593746662139893,11.744082238310511,92.29496692631449,85.89705350095755,4.555008172988892
84.18456246721904,4.590603351593018,11.684867785771678,91.90016313516487,86.31964000232983,4.555008172988892
83.5951445640029,4.590603351593018,11.7229732010247,91.94787622795981,86.02752099977806,4.555008172988892
