{
    "fp16": {
        "tps": {
            "1.64.128": 37.57480369971973
        },
        "peak_memory": {
            "1.64.128": 12.656925201416016
        },
        "gemm": {
            "1.64.128": 39.23343814937487
        },
        "gemv": {
            "1.64.128": 46.9250706238616
        },
        "ttft": {
            "1.64.128": 26.575868017971516
        },
        "memory": 12.551285028457642
    },
    "2bit": {
        "tps": {
            "1.64.128": 37.189185700051056
        },
        "peak_memory": {
            "1.64.128": 2.479846954345703
        },
        "gemm": {
            "1.64.128": 11.375842554088974
        },
        "gemv": {
            "1.64.128": 57.4585259128353
        },
        "ttft": {
            "1.64.128": 88.63875991664827
        },
        "memory": 2.3735506534576416
    },
    "3bit": {
        "tps": {
            "1.64.128": 40.878031355744604
        },
        "peak_memory": {
            "1.64.128": 3.304737091064453
        },
        "gemm": {
            "1.64.128": 11.335040870615464
        },
        "gemv": {
            "1.64.128": 57.298450678118655
        },
        "ttft": {
            "1.64.128": 89.67699413187802
        },
        "memory": 3.1274569034576416
    },
    "4bit": {
        "tps": {
            "1.64.128": 38.99595591138868
        },
        "peak_memory": {
            "1.64.128": 4.034297943115234
        },
        "gemm": {
            "1.64.128": 7.649180990790268
        },
        "gemv": {
            "1.64.128": 57.249421419878836
        },
        "ttft": {
            "1.64.128": 132.12671736255288
        },
        "memory": 3.8813631534576416
    },
    "args": {
        "model_name_or_path": "meta-llama/Llama-2-7b-hf",
        "use_ft": false,
        "use_owq": false,
        "backend_2bit": "gptq",
        "backend_3bit": "gptq",
        "backend_4bit": "gptq",
        "batch_size": 1,
        "seq_length": 64,
        "gen_length": 128,
        "tps": true,
        "gemm": true,
        "gemv": true,
        "ttft": true,
        "memory": true,
        "peak_memory": true,
        "file_name": "nsgaquant_benchmark_speed_1_64_128_woFT.json"
    },
    "unit": {
        "tps": "tokens/second",
        "gemm": "tokens/second",
        "gemv": "tokens/second",
        "ttft": "latency(ms)",
        "peak_memory": "GB"
    }
}