tps,peak_memory,gemm,gemv,ttft,memory
0,0,0,0,0,0
95.19350154477202,5.364010334014893,15.557011363104031,104.6325485374135,65.22249950285186,5.281051874160767
94.47153813518521,5.361660480499268,15.545666818681443,104.4226435441967,65.29595100073493,5.281051874160767
94.84765465605639,5.361660480499268,15.559622356875321,104.42173303318674,65.20150800133706,5.281051874160767
