tps,peak_memory,gemm,gemv,ttft,memory
49.90033587194542,14.571316242218018,38.42478294133883,50.58573347020324,26.96681850011373,14.551285028457642
84.21605160906607,4.762905597686768,11.136904367227055,92.48318412394254,91.09778699985327,4.715713739395142
84.14341214633735,4.762905597686768,11.113667378052085,92.80574934779571,91.06833999976516,4.715713739395142
84.45112936132391,4.762905597686768,11.130901482883678,92.54241831593384,91.5572420008175,4.715713739395142
