tps,peak_memory,gemm,gemv,ttft,memory
0,0,0,0,0,0
86.43902550411909,4.988399982452393,11.838813722302971,95.90507390878152,86.03016300185118,4.920852899551392
86.99118695882397,4.989193439483643,11.809558655646795,95.39226277112701,86.14991850117804,4.920852899551392
86.48417770981324,4.989193439483643,11.755771012373325,95.28570629544265,86.01000999988173,4.920852899551392
