{
    "fp16": {
        "tps": {
            "1.64.128": 49.90033587194542
        },
        "peak_memory": {
            "1.64.128": 14.571316242218018
        },
        "gemm": {
            "1.64.128": 38.42478294133883
        },
        "gemv": {
            "1.64.128": 50.58573347020324
        },
        "ttft": {
            "1.64.128": 26.96681850011373
        },
        "memory": 14.551285028457642
    },
    "2bit": {
        "tps": {
            "1.64.128": 84.21605160906607
        },
        "peak_memory": {
            "1.64.128": 4.762905597686768
        },
        "gemm": {
            "1.64.128": 11.136904367227055
        },
        "gemv": {
            "1.64.128": 92.48318412394254
        },
        "ttft": {
            "1.64.128": 91.09778699985327
        },
        "memory": 4.715713739395142
    },
    "3bit": {
        "tps": {
            "1.64.128": 84.14341214633735
        },
        "peak_memory": {
            "1.64.128": 4.762905597686768
        },
        "gemm": {
            "1.64.128": 11.113667378052085
        },
        "gemv": {
            "1.64.128": 92.80574934779571
        },
        "ttft": {
            "1.64.128": 91.06833999976516
        },
        "memory": 4.715713739395142
    },
    "4bit": {
        "tps": {
            "1.64.128": 84.45112936132391
        },
        "peak_memory": {
            "1.64.128": 4.762905597686768
        },
        "gemm": {
            "1.64.128": 11.130901482883678
        },
        "gemv": {
            "1.64.128": 92.54241831593384
        },
        "ttft": {
            "1.64.128": 91.5572420008175
        },
        "memory": 4.715713739395142
    },
    "args": {
        "model_name_or_path": "meta-llama/Llama-2-7b-hf",
        "use_ft": true,
        "use_owq": false,
        "backend_2bit": "gptq",
        "backend_3bit": "gptq",
        "backend_4bit": "gptq",
        "batch_size": 1,
        "seq_length": 64,
        "gen_length": 128,
        "tps": true,
        "gemm": true,
        "gemv": true,
        "ttft": true,
        "memory": true,
        "peak_memory": true,
        "file_name": "L40S/Llama-2-7b-hf/nsgaquant_benchmark_speed_1_64_128_test.json",
        "use_arch": true
    },
    "unit": {
        "tps": "tokens/second",
        "gemm": "tokens/second",
        "gemv": "tokens/second",
        "ttft": "latency(ms)",
        "peak_memory": "GB"
    }
}