2.self_attn.k_proj,28.self_attn.q_proj,0.mlp.gate_proj,30.self_attn.k_proj,1.self_attn.k_proj,31.self_attn.k_proj,29.self_attn.k_proj,24.self_attn.q_proj,0.mlp.up_proj,27.self_attn.q_proj,26.self_attn.k_proj
3.994818652849741,3.989637305699482,3.9757124352331608,3.9705310880829017,3.9653497409326426,3.9601683937823835,3.9549870466321244,3.9498056994818653,3.9358808290155443,3.930699481865285,3.925518134715026
0.024755079299211502,0.02488243207335472,0.025037234649062157,0.02521706372499466,0.02540222555398941,0.025614090263843536,0.025826290249824524,0.026055965572595596,0.026281848549842834,0.026512926444411278,0.026727868244051933
226.21749353408813,226.12068223953247,226.67510318756104,224.83133387565613,219.479017496109,216.3527295589447,216.5101957321167,214.27426862716675,214.37624621391296,214.11045050621033,231.17056345939636
