{
    "fp16": {
        "tps": {
            "1.64.128": 27.06471127108898
        },
        "peak_memory": {
            "1.64.128": 27.50628900527954
        },
        "gemm": {
            "1.64.128": 21.212962772764662
        },
        "gemv": {
            "1.64.128": 27.306288373296322
        },
        "ttft": {
            "1.64.128": 48.115594079717994
        },
        "memory": 27.368946313858032
    },
    "2bit": {
        "tps": {
            "1.64.128": 65.29495517645708
        },
        "peak_memory": {
            "1.64.128": 7.448763370513916
        },
        "gemm": {
            "1.64.128": 5.840388399691708
        },
        "gemv": {
            "1.64.128": 73.09408522753544
        },
        "ttft": {
            "1.64.128": 172.5072991102934
        },
        "memory": 7.428760766983032
    },
    "3bit": {
        "tps": {
            "1.64.128": 64.91230592504988
        },
        "peak_memory": {
            "1.64.128": 9.010195255279541
        },
        "gemm": {
            "1.64.128": 5.759218224597657
        },
        "gemv": {
            "1.64.128": 72.45364362870112
        },
        "ttft": {
            "1.64.128": 175.08702026680112
        },
        "memory": 8.905811548233032
    },
    "4bit": {
        "tps": {
            "1.64.128": 62.007466132040335
        },
        "peak_memory": {
            "1.64.128": 10.432161808013916
        },
        "gemm": {
            "1.64.128": 3.9046704302285096
        },
        "gemv": {
            "1.64.128": 72.71603248689252
        },
        "ttft": {
            "1.64.128": 256.85300934128463
        },
        "memory": 10.382862329483032
    },
    "args": {
        "model_name_or_path": "meta-llama/Llama-2-13b-hf",
        "use_ft": true,
        "use_owq": false,
        "backend_2bit": "gptq",
        "backend_3bit": "gptq",
        "backend_4bit": "gptq",
        "batch_size": 1,
        "seq_length": 64,
        "gen_length": 128,
        "tps": true,
        "gemm": true,
        "gemv": true,
        "ttft": true,
        "memory": true,
        "peak_memory": true,
        "file_name": "nsgaquant_benchmark_speed__1_64_128.json"
    },
    "unit": {
        "tps": "tokens/second",
        "gemm": "tokens/second",
        "gemv": "tokens/second",
        "ttft": "latency(ms)",
        "peak_memory": "GB"
    }
}