tps,peak_memory,gemm,gemv,ttft,memory
0,0,0,0,0,0
63.105512895362644,7.8188347816467285,6.059859430857157,70.22708875512608,168.21583799901418,7.782764673233032
63.10373605922024,7.8185296058654785,5.975251547778658,70.19080914230136,167.22173650123295,7.782764673233032
62.735374117752826,7.8185296058654785,6.003084018357892,70.42509431319843,166.5145904989913,7.782764673233032
