tps,peak_memory,gemm,gemv,ttft,memory
27.06471127108898,27.50628900527954,21.212962772764662,27.306288373296322,48.115594079717994,27.368946313858032
65.29495517645708,7.448763370513916,5.840388399691708,73.09408522753544,172.5072991102934,7.428760766983032
64.91230592504988,9.010195255279541,5.759218224597657,72.45364362870112,175.08702026680112,8.905811548233032
62.007466132040335,10.432161808013916,3.9046704302285096,72.71603248689252,256.85300934128463,10.382862329483032
