tps,peak_memory,gemm,gemv,ttft,memory
0,0,0,0,0,0
67.17027954609857,8.621782779693604,5.961830169244979,75.60473392744437,169.3403705030505,8.533573389053345
67.77877146469092,8.621401309967041,5.981760243137105,75.52444268012786,166.29069249756867,8.533573389053345
67.72127616808305,8.621401309967041,5.994731823580572,75.53436312310097,166.92434399737976,8.533573389053345
