{
    "fp16": {
        "tps": {
            "1.64.128": 22.485231123566315
        },
        "peak_memory": {
            "1.64.128": 24.51761245727539
        },
        "gemm": {
            "1.64.128": 21.266529547094436
        },
        "gemv": {
            "1.64.128": 26.09796316637289
        },
        "ttft": {
            "1.64.128": 47.803288558498025
        },
        "memory": 24.243946313858032
    },
    "2bit": {
        "tps": {
            "1.64.128": 30.821429718090563
        },
        "peak_memory": {
            "1.64.128": 4.459905624389648
        },
        "gemm": {
            "1.64.128": 5.810515721167389
        },
        "gemv": {
            "1.64.128": 46.668792070552186
        },
        "ttft": {
            "1.64.128": 171.7291355598718
        },
        "memory": 4.303760766983032
    },
    "3bit": {
        "tps": {
            "1.64.128": 30.995334349824162
        },
        "peak_memory": {
            "1.64.128": 6.021099090576172
        },
        "gemm": {
            "1.64.128": 5.69403819890322
        },
        "gemv": {
            "1.64.128": 46.285283472901675
        },
        "ttft": {
            "1.64.128": 177.82114632427692
        },
        "memory": 5.780811548233032
    },
    "4bit": {
        "tps": {
            "1.64.128": 33.960920367040686
        },
        "peak_memory": {
            "1.64.128": 7.443304061889648
        },
        "gemm": {
            "1.64.128": 3.887988200370181
        },
        "gemv": {
            "1.64.128": 46.57526382458158
        },
        "ttft": {
            "1.64.128": 258.83873412385583
        },
        "memory": 7.257862329483032
    },
    "args": {
        "model_name_or_path": "meta-llama/Llama-2-13b-hf",
        "use_ft": false,
        "use_owq": false,
        "backend_2bit": "gptq",
        "backend_3bit": "gptq",
        "backend_4bit": "gptq",
        "batch_size": 1,
        "seq_length": 64,
        "gen_length": 128,
        "tps": true,
        "gemm": true,
        "gemv": true,
        "ttft": true,
        "memory": true,
        "peak_memory": true,
        "file_name": "nsgaquant_benchmark_speed__1_64_128_woFT.json"
    },
    "unit": {
        "tps": "tokens/second",
        "gemm": "tokens/second",
        "gemv": "tokens/second",
        "ttft": "latency(ms)",
        "peak_memory": "GB"
    }
}