tps,peak_memory,gemm,gemv,ttft,memory
0,0,0,0,0,0
75.11515746377391,9.31688928604126,7.804942742428813,83.08093005002478,128.22940349724377,9.21091103553772
74.68517436228838,9.316690921783447,7.728008505475839,82.5321456414766,130.19947299471823,9.21091103553772
73.74216001454685,9.316690921783447,7.785192373875105,82.50512964542024,130.27358850376913,9.21091103553772
