tps,peak_memory,gemm,gemv,ttft,memory
43.290499202266396,14.571316242218018,38.69973849860469,50.589877111129,27.02313708141446,14.551285028457642
82.63958468448565,4.393429279327393,11.440445636852505,90.97892299919567,87.35531009733677,4.373550653457642
83.02936149512247,5.218502521514893,11.487531226329855,92.7868447430084,89.13493854925036,5.127456903457642
78.10857188541685,5.948116779327393,7.7262651940140765,89.81925584754994,131.22113584540784,5.881363153457642
