{
    "fp16": {
        "tps": 0,
        "peak_memory": 0,
        "gemm": 0,
        "gemv": 0,
        "ttft": 0,
        "memory": 0
    },
    "2bit": {
        "tps": {
            "1.64.128": 33.07317969304698
        },
        "peak_memory": {
            "1.64.128": 7.8188347816467285
        },
        "gemm": {
            "1.64.128": 1.3578490287590967
        },
        "gemv": {
            "1.64.128": 43.15414419988211
        },
        "ttft": {
            "1.64.128": 741.0346284741536
        },
        "memory": 7.782764673233032
    },
    "3bit": {
        "tps": {
            "1.64.128": 34.11449831831053
        },
        "peak_memory": {
            "1.64.128": 7.8185296058654785
        },
        "gemm": {
            "1.64.128": 1.3514781363801813
        },
        "gemv": {
            "1.64.128": 43.098379609002905
        },
        "ttft": {
            "1.64.128": 748.3851314755157
        },
        "memory": 7.782764673233032
    },
    "4bit": {
        "tps": {
            "1.64.128": 33.833527947025814
        },
        "peak_memory": {
            "1.64.128": 7.8185296058654785
        },
        "gemm": {
            "1.64.128": 1.3782651958318317
        },
        "gemv": {
            "1.64.128": 43.101402828376735
        },
        "ttft": {
            "1.64.128": 732.6838115695864
        },
        "memory": 7.782764673233032
    },
    "args": {
        "model_name_or_path": "meta-llama/Llama-2-13b-hf",
        "use_ft": true,
        "use_owq": false,
        "backend_2bit": "gptq",
        "backend_3bit": "gptq",
        "backend_4bit": "qeft",
        "batch_size": 1,
        "seq_length": 64,
        "gen_length": 128,
        "tps": true,
        "gemm": true,
        "gemv": true,
        "ttft": true,
        "memory": true,
        "peak_memory": true,
        "file_name": "3090/Llama-2-13b-hf/nsgaquant_benchmark_speed_1_64_128_qeft_225.json",
        "use_arch": true
    },
    "unit": {
        "tps": "tokens/second",
        "gemm": "tokens/second",
        "gemv": "tokens/second",
        "ttft": "latency(ms)",
        "peak_memory": "GB"
    }
}