tps,peak_memory,gemm,gemv,ttft,memory
0,0,0,0,0,0
37.822047666568984,9.010958194732666,2.3552937711564006,44.833490486178675,426.768169447314,8.911304712295532
38.090476366872025,9.010881900787354,2.349329850184723,44.905646386441,426.05174804339185,8.911304712295532
38.067078879665786,9.010881900787354,2.347875067328461,44.8613559785991,426.70650652144104,8.911304712295532
