tps,peak_memory,gemm,gemv,ttft,memory
0,0,0,0,0,0
23.38661968535733,9.31688928604126,1.6955104776838643,41.24276671923735,612.1417264803313,9.21091103553772
34.844099897154905,9.316690921783447,1.7861083219512532,42.64364404677165,612.7030844800174,9.21091103553772
35.164977767510706,9.316690921783447,1.766060843126751,41.79033387568745,549.8267600196414,9.21091103553772
