tps,peak_memory,gemm,gemv,ttft,memory
0,0,0,0,0,0
33.34456872510236,8.621782779693604,1.3501793473269394,42.217508328210286,730.95583752729,8.533573389053345
32.21262831161922,8.621401309967041,1.3508503819503341,42.109449326738925,745.9916250081733,8.533573389053345
33.29442528618316,8.621401309967041,1.3686087512082064,42.17489877124829,749.1861624876037,8.533573389053345
