tps,peak_memory,gemm,gemv,ttft,memory
0,0,0,0,0,0
33.07317969304698,7.8188347816467285,1.3578490287590967,43.15414419988211,741.0346284741536,7.782764673233032
34.11449831831053,7.8185296058654785,1.3514781363801813,43.098379609002905,748.3851314755157,7.782764673233032
33.833527947025814,7.8185296058654785,1.3782651958318317,43.101402828376735,732.6838115695864,7.782764673233032
