tps,peak_memory,gemm,gemv,ttft,memory
0,0,0,0,0,0
36.20720840592964,9.712069034576416,1.9423568753277085,43.95842631135829,518.4153225272894,9.640980005264282
36.65939051685661,9.712297916412354,1.9382012366331145,44.06882726981327,518.553382018581,9.640980005264282
36.46480599975396,9.712297916412354,1.931862009778758,44.13798367373908,519.1125329583883,9.640980005264282
