tps,peak_memory,gemm,gemv,ttft,memory
0,0,0,0,0,0
38.11922167712689,8.205858707427979,2.4479562813702276,44.36855448607414,410.6960804783739,8.145923852920532
37.91152062708815,8.206011295318604,2.4432084505461322,44.37662909608801,410.373717546463,8.145923852920532
37.706713050811004,8.206011295318604,2.4482453210448245,44.45566300239325,410.55440646596253,8.145923852920532
