tps,gemm,gemv,ttft,peak_memory,memory
0,0,0,0,0,0
39.94093313840223,8.986666202545166,2.5879539841599173,46.04201959630811,388.42598447808996,8.885669946670532
39.336910061697814,8.985750675201416,2.584731615643198,46.03867146003454,388.17270001163706,8.885669946670532
39.341809390214564,8.985750675201416,2.582973253307512,46.02390184620421,387.6902845222503,8.885669946670532
