tps,gemm,gemv,ttft,peak_memory,memory
0,0,0,0,0,0
47.84820498907975,9.555452823638916,4.460420848989966,54.986872085187485,225.76358047081158,9.451008081436157
48.601024632609445,9.555452823638916,4.455875210350424,55.14579625642383,225.67437897669151,9.451008081436157
48.89769511427285,9.555452823638916,4.4540630139318615,55.29564140857546,225.4062124993652,9.451008081436157
