tps,peak_memory,gemm,gemv,ttft,memory
0,0,0,0,0,0
38.945964125597435,8.189028263092041,2.648866832644652,45.62086880767937,382.89381650974974,8.128528833389282
39.049991239771394,8.189104557037354,2.6156412328242107,45.577058674908926,381.47271651541814,8.128528833389282
38.91204412592361,8.189104557037354,2.6142059664255224,45.600263033238356,381.8486140226014,8.128528833389282
