tps,peak_memory,gemm,gemv,ttft,memory
53.845477656752294,14.571316242218018,40.067247402383025,60.764436809901916,25.898755993694067,14.551285028457642
54.98708590788524,4.762905597686768,9.433451475052665,63.727438326801185,103.17823849618435,4.715713739395142
59.740443165999274,4.762905597686768,9.464294968565207,64.17088141087488,106.94655298721045,4.715713739395142
58.83645945283408,4.762905597686768,9.42587738852619,64.24692403542176,107.90635645389557,4.715713739395142
