tps,peak_memory,gemm,gemv,ttft,memory
58.82666322599974,14.571316242218018,37.39964396138617,60.57596355248391,27.244941447861493,14.551285028457642
52.492196280445135,4.762905597686768,9.528619066435612,61.864148593717445,108.30057947896421,4.715713739395142
50.29222734895497,4.762905597686768,9.357393364002657,61.92072391543332,106.2575060641393,4.715713739395142
45.628925042286205,4.762905597686768,6.249505936598946,61.87096167445043,93.6583235161379,4.715713739395142
