{
    "fp16": {
        "tps": {
            "1.64.128": 53.845477656752294
        },
        "peak_memory": {
            "1.64.128": 14.571316242218018
        },
        "gemm": {
            "1.64.128": 40.067247402383025
        },
        "gemv": {
            "1.64.128": 60.764436809901916
        },
        "ttft": {
            "1.64.128": 25.898755993694067
        },
        "memory": 14.551285028457642
    },
    "2bit": {
        "tps": {
            "1.64.128": 54.98708590788524
        },
        "peak_memory": {
            "1.64.128": 4.762905597686768
        },
        "gemm": {
            "1.64.128": 9.433451475052665
        },
        "gemv": {
            "1.64.128": 63.727438326801185
        },
        "ttft": {
            "1.64.128": 103.17823849618435
        },
        "memory": 4.715713739395142
    },
    "3bit": {
        "tps": {
            "1.64.128": 59.740443165999274
        },
        "peak_memory": {
            "1.64.128": 4.762905597686768
        },
        "gemm": {
            "1.64.128": 9.464294968565207
        },
        "gemv": {
            "1.64.128": 64.17088141087488
        },
        "ttft": {
            "1.64.128": 106.94655298721045
        },
        "memory": 4.715713739395142
    },
    "4bit": {
        "tps": {
            "1.64.128": 58.83645945283408
        },
        "peak_memory": {
            "1.64.128": 4.762905597686768
        },
        "gemm": {
            "1.64.128": 9.42587738852619
        },
        "gemv": {
            "1.64.128": 64.24692403542176
        },
        "ttft": {
            "1.64.128": 107.90635645389557
        },
        "memory": 4.715713739395142
    },
    "args": {
        "model_name_or_path": "meta-llama/Llama-2-7b-hf",
        "use_ft": true,
        "use_owq": false,
        "backend_2bit": "gptq",
        "backend_3bit": "gptq",
        "backend_4bit": "gptq",
        "batch_size": 1,
        "seq_length": 64,
        "gen_length": 128,
        "tps": true,
        "gemm": true,
        "gemv": true,
        "ttft": true,
        "memory": true,
        "peak_memory": true,
        "file_name": "A6000/Llama-2-7b-hf/nsgaquant_benchmark_speed_1_64_128.json",
        "use_arch": true
    },
    "unit": {
        "tps": "tokens/second",
        "gemm": "tokens/second",
        "gemv": "tokens/second",
        "ttft": "latency(ms)",
        "peak_memory": "GB"
    }
}