{
    "fp16": {
        "tps": {
            "1.64.128": 58.82666322599974
        },
        "peak_memory": {
            "1.64.128": 14.571316242218018
        },
        "gemm": {
            "1.64.128": 37.39964396138617
        },
        "gemv": {
            "1.64.128": 60.57596355248391
        },
        "ttft": {
            "1.64.128": 27.244941447861493
        },
        "memory": 14.551285028457642
    },
    "2bit": {
        "tps": {
            "1.64.128": 52.492196280445135
        },
        "peak_memory": {
            "1.64.128": 4.762905597686768
        },
        "gemm": {
            "1.64.128": 9.528619066435612
        },
        "gemv": {
            "1.64.128": 61.864148593717445
        },
        "ttft": {
            "1.64.128": 108.30057947896421
        },
        "memory": 4.715713739395142
    },
    "3bit": {
        "tps": {
            "1.64.128": 50.29222734895497
        },
        "peak_memory": {
            "1.64.128": 4.762905597686768
        },
        "gemm": {
            "1.64.128": 9.357393364002657
        },
        "gemv": {
            "1.64.128": 61.92072391543332
        },
        "ttft": {
            "1.64.128": 106.2575060641393
        },
        "memory": 4.715713739395142
    },
    "4bit": {
        "tps": {
            "1.64.128": 45.628925042286205
        },
        "peak_memory": {
            "1.64.128": 4.762905597686768
        },
        "gemm": {
            "1.64.128": 6.249505936598946
        },
        "gemv": {
            "1.64.128": 61.87096167445043
        },
        "ttft": {
            "1.64.128": 93.6583235161379
        },
        "memory": 4.715713739395142
    },
    "args": {
        "model_name_or_path": "meta-llama/Llama-2-7b-hf",
        "use_ft": true,
        "use_owq": false,
        "backend_2bit": "gptq",
        "backend_3bit": "gptq",
        "backend_4bit": "gptq",
        "batch_size": 1,
        "seq_length": 64,
        "gen_length": 128,
        "tps": true,
        "gemm": true,
        "gemv": true,
        "ttft": true,
        "memory": true,
        "peak_memory": true,
        "file_name": "A6000/Llama-2-7b-hf/nsgaquant_benchmark_speed_1_64_128.json",
        "use_arch": true
    },
    "unit": {
        "tps": "tokens/second",
        "gemm": "tokens/second",
        "gemv": "tokens/second",
        "ttft": "latency(ms)",
        "peak_memory": "GB"
    }
}