{
    "fp16": {
        "tps": {
            "1.64.128": 52.01352251262396
        },
        "peak_memory": {
            "1.64.128": 14.571316242218018
        },
        "gemm": {
            "1.64.128": 32.897004448920974
        },
        "gemv": {
            "1.64.128": 52.925639440245305
        },
        "ttft": {
            "1.64.128": 31.45131893688813
        },
        "memory": 14.551285028457642
    },
    "2bit": {
        "tps": {
            "1.64.128": 64.81187745398752
        },
        "peak_memory": {
            "1.64.128": 5.464352130889893
        },
        "gemm": {
            "1.64.128": 8.564562900886443
        },
        "gemv": {
            "1.64.128": 70.87542933334818
        },
        "ttft": {
            "1.64.128": 117.57412954466417
        },
        "memory": 5.391525506973267
    },
    "3bit": {
        "tps": {
            "1.64.128": 64.66486718902833
        },
        "peak_memory": {
            "1.64.128": 5.464352130889893
        },
        "gemm": {
            "1.64.128": 8.58137953584588
        },
        "gemv": {
            "1.64.128": 70.97933556010729
        },
        "ttft": {
            "1.64.128": 117.67635447904468
        },
        "memory": 5.391525506973267
    },
    "4bit": {
        "tps": {
            "1.64.128": 64.77030576576423
        },
        "peak_memory": {
            "1.64.128": 5.464352130889893
        },
        "gemm": {
            "1.64.128": 8.57509932716004
        },
        "gemv": {
            "1.64.128": 71.15522128564265
        },
        "ttft": {
            "1.64.128": 118.05278604151681
        },
        "memory": 5.391525506973267
    },
    "args": {
        "model_name_or_path": "meta-llama/Llama-2-7b-hf",
        "use_ft": true,
        "use_owq": false,
        "backend_2bit": "gptq",
        "backend_3bit": "gptq",
        "backend_4bit": "qeft",
        "batch_size": 1,
        "seq_length": 64,
        "gen_length": 128,
        "tps": true,
        "gemm": true,
        "gemv": true,
        "ttft": true,
        "memory": true,
        "peak_memory": true,
        "file_name": "3090/LLama-2-7b-hf/nsgaquant_benchmark_speed_1_64_128_qeft.json",
        "use_arch": true
    },
    "unit": {
        "tps": "tokens/second",
        "gemm": "tokens/second",
        "gemv": "tokens/second",
        "ttft": "latency(ms)",
        "peak_memory": "GB"
    }
}