tps,peak_memory,gemm,gemv,ttft,memory
0,0,0,0,0,0
50.98939907648387,5.364010334014893,3.729613146002585,59.17362862452602,272.1619759686291,5.281051874160767
51.94338705754758,5.361660480499268,3.9835889678454937,59.797239466220994,272.8824639925733,5.281051874160767
51.41371509134444,5.361660480499268,3.7135435969357444,59.6547501367981,270.4157025436871,5.281051874160767
