tps,peak_memory,gemm,gemv,ttft,memory
0,0,0,0,0,0
48.98942643937719,5.236477375030518,4.618335415304469,55.5746239055735,217.8381130215712,5.156265497207642
49.489246157633396,5.236111164093018,4.615227513199418,55.54329285093084,217.9055085289292,5.156265497207642
49.63676542195925,5.236111164093018,4.605957153073686,55.60753477475872,218.27970101730898,5.156265497207642
