{
    "fp16": {
        "tps": {
            "1.64.128": 51.96282256994535
        },
        "peak_memory": {
            "1.64.128": 14.571316242218018
        },
        "gemm": {
            "1.64.128": 32.63876620359897
        },
        "gemv": {
            "1.64.128": 52.882251915316324
        },
        "ttft": {
            "1.64.128": 32.61629753978923
        },
        "memory": 14.551285028457642
    },
    "2bit": {
        "tps": {
            "1.64.128": 49.538204931131894
        },
        "peak_memory": {
            "1.64.128": 4.762905597686768
        },
        "gemm": {
            "1.64.128": 4.931478147763155
        },
        "gemv": {
            "1.64.128": 55.680615940422555
        },
        "ttft": {
            "1.64.128": 204.04811046319082
        },
        "memory": 4.715713739395142
    },
    "3bit": {
        "tps": {
            "1.64.128": 49.39176876801807
        },
        "peak_memory": {
            "1.64.128": 4.762905597686768
        },
        "gemm": {
            "1.64.128": 4.935179281509418
        },
        "gemv": {
            "1.64.128": 55.92126036491609
        },
        "ttft": {
            "1.64.128": 201.82544051203877
        },
        "memory": 4.715713739395142
    },
    "4bit": {
        "tps": {
            "1.64.128": 49.99861093668302
        },
        "peak_memory": {
            "1.64.128": 4.762905597686768
        },
        "gemm": {
            "1.64.128": 4.92901269201742
        },
        "gemv": {
            "1.64.128": 55.95491213951746
        },
        "ttft": {
            "1.64.128": 202.60657597100362
        },
        "memory": 4.715713739395142
    },
    "args": {
        "model_name_or_path": "meta-llama/Llama-2-7b-hf",
        "use_ft": true,
        "use_owq": false,
        "backend_2bit": "gptq",
        "backend_3bit": "gptq",
        "backend_4bit": "gptq",
        "batch_size": 1,
        "seq_length": 64,
        "gen_length": 128,
        "tps": true,
        "gemm": true,
        "gemv": true,
        "ttft": true,
        "memory": true,
        "peak_memory": true,
        "file_name": "3090/LLama-2-7b-hf/nsgaquant_benchmark_speed_1_64_128.json",
        "use_arch": true
    },
    "unit": {
        "tps": "tokens/second",
        "gemm": "tokens/second",
        "gemv": "tokens/second",
        "ttft": "latency(ms)",
        "peak_memory": "GB"
    }
}