{
    "fp16": {
        "tps": 0,
        "peak_memory": 0,
        "gemm": 0,
        "gemv": 0,
        "ttft": 0,
        "memory": 0
    },
    "2bit": {
        "tps": {
            "1.64.128": 50.109799103658524
        },
        "peak_memory": {
            "1.64.128": 4.760647296905518
        },
        "gemm": {
            "1.64.128": 4.94190491643916
        },
        "gemv": {
            "1.64.128": 56.63839009444906
        },
        "ttft": {
            "1.64.128": 201.36117446236312
        },
        "memory": 4.715713739395142
    },
    "3bit": {
        "tps": {
            "1.64.128": 50.65477552027527
        },
        "peak_memory": {
            "1.64.128": 4.762905597686768
        },
        "gemm": {
            "1.64.128": 4.946714475361846
        },
        "gemv": {
            "1.64.128": 56.61503038014333
        },
        "ttft": {
            "1.64.128": 203.9678255096078
        },
        "memory": 4.715713739395142
    },
    "4bit": {
        "tps": {
            "1.64.128": 49.84005004053466
        },
        "peak_memory": {
            "1.64.128": 4.762905597686768
        },
        "gemm": {
            "1.64.128": 4.95972538053593
        },
        "gemv": {
            "1.64.128": 56.388205726825845
        },
        "ttft": {
            "1.64.128": 203.24301102664322
        },
        "memory": 4.715713739395142
    },
    "args": {
        "model_name_or_path": "meta-llama/Llama-2-7b-hf",
        "use_ft": true,
        "use_owq": false,
        "backend_2bit": "gptq",
        "backend_3bit": "gptq",
        "backend_4bit": "gptq",
        "batch_size": 1,
        "seq_length": 64,
        "gen_length": 128,
        "tps": true,
        "gemm": true,
        "gemv": true,
        "ttft": true,
        "memory": true,
        "peak_memory": true,
        "file_name": "3090/LLama-2-7b-hf/nsgaquant_benchmark_speed_1_64_128_25.json",
        "use_arch": true
    },
    "unit": {
        "tps": "tokens/second",
        "gemm": "tokens/second",
        "gemv": "tokens/second",
        "ttft": "latency(ms)",
        "peak_memory": "GB"
    }
}