tps,peak_memory,gemm,gemv,ttft,memory
0,0,0,0,0,0
50.109799103658524,4.760647296905518,4.94190491643916,56.63839009444906,201.36117446236312,4.715713739395142
50.65477552027527,4.762905597686768,4.946714475361846,56.61503038014333,203.9678255096078,4.715713739395142
49.84005004053466,4.762905597686768,4.95972538053593,56.388205726825845,203.24301102664322,4.715713739395142
