{
    "fp16": {
        "tps": {
            "1.64.128": 51.77077848802164
        },
        "peak_memory": {
            "1.64.128": 14.571316242218018
        },
        "gemm": {
            "1.64.128": 31.640618769094235
        },
        "gemv": {
            "1.64.128": 52.75985083589453
        },
        "ttft": {
            "1.64.128": 32.33172302134335
        },
        "memory": 14.551285028457642
    },
    "2bit": {
        "tps": {
            "1.64.128": 51.84513254391223
        },
        "peak_memory": {
            "1.64.128": 5.222530841827393
        },
        "gemm": {
            "1.64.128": 5.179185189428965
        },
        "gemv": {
            "1.64.128": 58.13162467735222
        },
        "ttft": {
            "1.64.128": 193.84701800299808
        },
        "memory": 5.139267206192017
    },
    "3bit": {
        "tps": {
            "1.64.128": 51.95033209121601
        },
        "peak_memory": {
            "1.64.128": 5.222530841827393
        },
        "gemm": {
            "1.64.128": 5.187391535927487
        },
        "gemv": {
            "1.64.128": 58.17245980740015
        },
        "ttft": {
            "1.64.128": 193.9613554859534
        },
        "memory": 5.139267206192017
    },
    "4bit": {
        "tps": {
            "1.64.128": 51.70889068988243
        },
        "peak_memory": {
            "1.64.128": 5.222530841827393
        },
        "gemm": {
            "1.64.128": 5.182704347062421
        },
        "gemv": {
            "1.64.128": 58.14962990541938
        },
        "ttft": {
            "1.64.128": 193.79250949714333
        },
        "memory": 5.139267206192017
    },
    "args": {
        "model_name_or_path": "meta-llama/Llama-2-7b-hf",
        "use_ft": true,
        "use_owq": false,
        "backend_2bit": "gptq",
        "backend_3bit": "gptq",
        "backend_4bit": "qeft",
        "batch_size": 1,
        "seq_length": 64,
        "gen_length": 128,
        "tps": true,
        "gemm": true,
        "gemv": true,
        "ttft": true,
        "memory": true,
        "peak_memory": true,
        "file_name": "3090/LLama-2-7b-hf/nsgaquant_benchmark_speed_1_64_128_qeft_30.json",
        "use_arch": true
    },
    "unit": {
        "tps": "tokens/second",
        "gemm": "tokens/second",
        "gemv": "tokens/second",
        "ttft": "latency(ms)",
        "peak_memory": "GB"
    }
}