tps,peak_memory,gemm,gemv,ttft,memory
0,0,0,0,0,0
44.57021853688349,4.593746662139893,2.666783481986223,53.73096118653478,342.40550349932164,4.555008172988892
44.74033912174025,4.590603351593018,2.6761159322125576,53.52770443090132,354.0847374824807,4.555008172988892
45.92854857841283,4.590603351593018,2.637374932740363,53.30024733240469,379.8730074777268,4.555008172988892
