tps,peak_memory,gemm,gemv,ttft,memory
51.96282256994535,14.571316242218018,32.63876620359897,52.882251915316324,32.61629753978923,14.551285028457642
49.538204931131894,4.762905597686768,4.931478147763155,55.680615940422555,204.04811046319082,4.715713739395142
49.39176876801807,4.762905597686768,4.935179281509418,55.92126036491609,201.82544051203877,4.715713739395142
49.99861093668302,4.762905597686768,4.92901269201742,55.95491213951746,202.60657597100362,4.715713739395142
