tps,peak_memory,gemm,gemv,ttft,memory
51.77077848802164,14.571316242218018,31.640618769094235,52.75985083589453,32.33172302134335,14.551285028457642
51.84513254391223,5.222530841827393,5.179185189428965,58.13162467735222,193.84701800299808,5.139267206192017
51.95033209121601,5.222530841827393,5.187391535927487,58.17245980740015,193.9613554859534,5.139267206192017
51.70889068988243,5.222530841827393,5.182704347062421,58.14962990541938,193.79250949714333,5.139267206192017
