{
    "fp16": {
        "tps": {
            "1.64.128": 52.03610201475781
        },
        "peak_memory": {
            "1.64.128": 14.571316242218018
        },
        "gemm": {
            "1.64.128": 32.81331338780564
        },
        "gemv": {
            "1.64.128": 52.91768264668
        },
        "ttft": {
            "1.64.128": 31.486010004300624
        },
        "memory": 14.551285028457642
    },
    "2bit": {
        "tps": {
            "1.64.128": 51.35388427566225
        },
        "peak_memory": {
            "1.64.128": 4.754971027374268
        },
        "gemm": {
            "1.64.128": 5.239569598737542
        },
        "gemv": {
            "1.64.128": 57.611286114084066
        },
        "ttft": {
            "1.64.128": 192.18237296445295
        },
        "memory": 4.707229852676392
    },
    "3bit": {
        "tps": {
            "1.64.128": 51.102273666363466
        },
        "peak_memory": {
            "1.64.128": 4.754971027374268
        },
        "gemm": {
            "1.64.128": 5.218347164176245
        },
        "gemv": {
            "1.64.128": 57.55059153916383
        },
        "ttft": {
            "1.64.128": 193.54397495044395
        },
        "memory": 4.707229852676392
    },
    "4bit": {
        "tps": {
            "1.64.128": 49.0847149059623
        },
        "peak_memory": {
            "1.64.128": 4.754971027374268
        },
        "gemm": {
            "1.64.128": 5.207916916470866
        },
        "gemv": {
            "1.64.128": 55.615247859202924
        },
        "ttft": {
            "1.64.128": 194.00463899364695
        },
        "memory": 4.707229852676392
    },
    "args": {
        "model_name_or_path": "meta-llama/Llama-2-7b-hf",
        "use_ft": true,
        "use_owq": false,
        "backend_2bit": "gptq",
        "backend_3bit": "gptq",
        "backend_4bit": "qeft",
        "batch_size": 1,
        "seq_length": 64,
        "gen_length": 128,
        "tps": true,
        "gemm": true,
        "gemv": true,
        "ttft": true,
        "memory": true,
        "peak_memory": true,
        "file_name": "3090/LLama-2-7b-hf/nsgaquant_benchmark_speed_1_64_128_qeft_25.json",
        "use_arch": true
    },
    "unit": {
        "tps": "tokens/second",
        "gemm": "tokens/second",
        "gemv": "tokens/second",
        "ttft": "latency(ms)",
        "peak_memory": "GB"
    }
}