tps,peak_memory,gemm,gemv,ttft,memory
52.01352251262396,14.571316242218018,32.897004448920974,52.925639440245305,31.45131893688813,14.551285028457642
64.81187745398752,5.464352130889893,8.564562900886443,70.87542933334818,117.57412954466417,5.391525506973267
64.66486718902833,5.464352130889893,8.58137953584588,70.97933556010729,117.67635447904468,5.391525506973267
64.77030576576423,5.464352130889893,8.57509932716004,71.15522128564265,118.05278604151681,5.391525506973267
