tps,peak_memory,gemm,gemv,ttft,memory
0,0,0,0,0,0
44.908798521680495,4.988399982452393,2.5225161337928297,55.095116458686256,392.8494355059229,4.920852899551392
45.078735340226615,4.989193439483643,2.530336453738453,54.85121866878444,394.10288096405566,4.920852899551392
45.23132060094819,4.989193439483643,2.577602875138353,54.73736699503124,396.39000897295773,4.920852899551392
