{
    "fp16": {
        "tps": 0,
        "peak_memory": 0,
        "gemm": 0,
        "gemv": 0,
        "ttft": 0,
        "memory": 0
    },
    "2bit": {
        "tps": {
            "1.64.128": 44.908798521680495
        },
        "peak_memory": {
            "1.64.128": 4.988399982452393
        },
        "gemm": {
            "1.64.128": 2.5225161337928297
        },
        "gemv": {
            "1.64.128": 55.095116458686256
        },
        "ttft": {
            "1.64.128": 392.8494355059229
        },
        "memory": 4.920852899551392
    },
    "3bit": {
        "tps": {
            "1.64.128": 45.078735340226615
        },
        "peak_memory": {
            "1.64.128": 4.989193439483643
        },
        "gemm": {
            "1.64.128": 2.530336453738453
        },
        "gemv": {
            "1.64.128": 54.85121866878444
        },
        "ttft": {
            "1.64.128": 394.10288096405566
        },
        "memory": 4.920852899551392
    },
    "4bit": {
        "tps": {
            "1.64.128": 45.23132060094819
        },
        "peak_memory": {
            "1.64.128": 4.989193439483643
        },
        "gemm": {
            "1.64.128": 2.577602875138353
        },
        "gemv": {
            "1.64.128": 54.73736699503124
        },
        "ttft": {
            "1.64.128": 396.39000897295773
        },
        "memory": 4.920852899551392
    },
    "args": {
        "model_name_or_path": "meta-llama/Llama-2-7b-hf",
        "use_ft": true,
        "use_owq": false,
        "backend_2bit": "gptq",
        "backend_3bit": "gptq",
        "backend_4bit": "qeft",
        "batch_size": 1,
        "seq_length": 64,
        "gen_length": 128,
        "tps": true,
        "gemm": true,
        "gemv": true,
        "ttft": true,
        "memory": true,
        "peak_memory": true,
        "file_name": "3090/Llama-2-7b-hf/nsgaquant_benchmark_speed_1_64_128_qeft_275.json",
        "use_arch": true
    },
    "unit": {
        "tps": "tokens/second",
        "gemm": "tokens/second",
        "gemv": "tokens/second",
        "ttft": "latency(ms)",
        "peak_memory": "GB"
    }
}