tps,peak_memory,gemm,gemv,ttft,memory
52.03610201475781,14.571316242218018,32.81331338780564,52.91768264668,31.486010004300624,14.551285028457642
51.35388427566225,4.754971027374268,5.239569598737542,57.611286114084066,192.18237296445295,4.707229852676392
51.102273666363466,4.754971027374268,5.218347164176245,57.55059153916383,193.54397495044395,4.707229852676392
49.0847149059623,4.754971027374268,5.207916916470866,55.615247859202924,194.00463899364695,4.707229852676392
